0.476011463696,0.272894127474,0.358962555942,0.0747496916664,0.128418288304,0.810601534292,0.853645799704,0.0545825312508
0.095429281749,0.362208078944,0.509483439858,0.0538845929879,0.13482049569,0.843394593048,0.741819536696,0.0895134908253
0.0140441687092,0.319240604278,0.397323145743,0.122834856878,0.141037551557,0.846219625384,0.912211704782,0.0444851527998
-0.0180933143919,0.339852574497,0.453403856184,0.184103349266,0.100335655504,0.961872988308,0.892551221237,0.00199915766681
0.0295949777705,0.319870598024,0.807961903853,0.0844885866009,0.124717277861,0.919787970794,0.81493296643,0.0423423174331
0.0464480294908,0.275992528846,0.848903591039,0.0467027802545,0.127837255923,0.859267396874,0.761037619414,0.0803960085767
0.0459239543893,0.312750085576,0.671003037152,0.0973661295192,0.150484060462,0.885195064131,0.885991926206,0.048012633086
0.154705171306,0.299321952379,0.612786114983,0.175902255675,0.117468265926,0.895213566998,0.98888274662,0.119069322869
0.110017990323,0.279043543996,0.579150299133,0.104372829156,0.280632072451,0.943545596238,1.06567526463,0.0863204571539
0.0957310624883,0.278297729175,0.461351187286,0.145359433488,0.396780792949,0.851246973704,0.878436141716,0.0515586953411
0.0869555326194,0.334485781098,0.434774996963,0.199141692646,0.288239561494,0.867345780117,0.543203484166,0.0281407162744
0.0732914134099,0.339530948556,0.437388817575,0.0259641885821,0.170406791288,0.897805674897,0.476568783654,0.0317168661383
0.0881717521344,0.0997795542855,0.331822558963,0.00990220759876,0.0948735095628,0.997310777705,0.544775103069,0.100839364166
0.1049551492,-0.00470727517326,0.137494850985,-0.00485404035677,0.105525370587,0.950869914761,0.705634277895,0.189184836892
0.102336598319,0.0518116271013,0.342059342271,-0.00105941315372,0.106098123644,0.926623756788,0.738106063634,0.0557658683053
0.138057071144,0.250482731586,0.509313485649,-0.00390233851821,0.0352993586007,0.897307468456,0.607603090026,0.0551392985362
0.231896718077,0.228503583095,0.337470015252,0.0172103659773,0.0498163485808,0.950344604689,0.652866894034,0.0646484337297
0.193784125141,0.16009079717,0.33345505834,0.0380256405503,0.141266107871,0.957111672554,0.799699670293,0.0133885498267
0.1085421159,0.225716587106,0.403145485851,0.111717148009,0.117865332905,0.982126823093,0.750565737484,0.0752809709615
0.0532286585575,0.389893389806,0.549100235394,0.209174639333,0.120705187971,0.942753252851,0.586032577717,0.0200778184055
0.0374336330499,0.458051322909,0.40042133585,0.224005191416,0.0773955397699,0.893057702469,0.77842259991,0.185382201268
0.122657865473,0.458493094007,0.213599688363,0.225170280134,0.139150358949,0.83713273687,0.873618507132,0.203304481383
0.0991389678334,0.346908833229,0.195118154088,0.156983357769,0.254575243409,0.897305300166,0.817658232499,0.126920079797
0.125480278452,0.345825275433,0.335324836328,0.342637344645,0.337089427899,0.756089043164,0.814669349749,0.105972580212
0.111777337224,0.320452312143,0.236400031383,0.42587100116,0.363327626982,0.714449359161,0.840075940721,0.0504288174771
0.124363518768,0.358107491138,0.22687320596,0.486094332472,0.517415403794,0.820178373063,0.492694829268,0.0346182138217
0.14885433976,0.219616700978,0.291132516683,0.412430735257,0.627347538173,0.867903280963,0.296668114149,0.0380178397856
0.119355203847,0.136526747513,0.334171307348,0.363940283322,0.592131968385,0.90643830655,0.640861124438,0.0325896277784
0.122344844684,0.29251080835,0.409044305354,0.140184972133,0.389845279668,0.870777350023,0.649952302497,0.0386891158118
0.193854010088,0.297894612188,0.325486928975,0.0541478716404,0.307327712986,0.772120215592,0.693199033138,0.0478864793886
0.294431628812,0.380054459167,0.0785402007892,0.0569983185085,0.328437311313,0.669807760354,0.815428073862,0.0296134141689
0.386271467939,0.397753927808,0.218443993644,0.0463454437678,0.0933656744002,0.721903941906,0.948983010822,0.224018668688
0.371057275801,0.526481244349,0.650136416216,0.0904210073135,0.057965340637,0.653240019423,0.894414357855,0.213752813079
0.369723456484,0.56799346884,0.525223640915,0.217781779604,0.141923192594,0.556060825156,0.892425478339,0.0988860956274
0.441285571472,0.560470280714,0.56273845031,0.21029111155,0.213843999795,0.721624732806,0.721279856801,0.252034339914
0.419731353159,0.451550690858,0.47225924277,0.234343037477,0.223583491072,0.610244236503,0.685486969385,0.185412581922
0.190668921693,0.426956598389,0.137838515296,0.240845843218,0.206230685866,0.600291866496,0.639118585548,0.180450696625
0.0418422040351,0.452697037185,-0.0244486224345,0.159362172527,0.151169142218,0.540321329498,0.658008214096,0.134041451211
0.187459245133,0.411243741714,0.141990468446,0.121854094448,0.182373432432,0.557430892868,0.706238144986,0.026244317784
0.277232208162,0.389322182135,0.355791642335,0.17864976465,0.120988552234,0.632973425082,0.72255953968,0.0345920991416
0.299039712907,0.43397915787,0.349666342417,0.0935955190758,0.158191934839,0.759482667986,0.780839825161,0.0575130826023
0.369629213665,0.418796590899,0.327937368193,0.0922533705191,0.176512070411,0.696488908561,0.798492270757,0.0413786780515
0.358277276461,0.390461416954,0.533893465198,0.120610407319,0.253488667291,0.839170929942,0.925933157998,0.148095895475
0.304587709682,0.47136006141,0.543534939289,0.0614161009849,0.34741460207,0.791877011477,0.909904159464,0.0636297017889
0.300629582168,0.429459419991,0.416711071165,0.0467931007602,0.302025281661,0.823135254141,0.848246719251,0.10644354761
0.31486591649,0.518348467856,0.205591089238,0.0893126447868,0.246394331917,0.876703538151,0.867414521542,0.173870489022
0.254033381808,0.407292030984,0.467614093774,0.0315161825727,0.1563225692,0.871376798951,0.897287955367,0.0015169392419
0.09453651705,0.474300330028,0.403856476607,0.0609193277931,0.216016024633,0.806740309283,0.886620724358,0.0371283265102
0.111817160129,0.407652966762,0.272345064833,0.0397970093064,0.265408122161,0.912778054394,0.841400800689,0.368266803251
0.154176986368,0.482896140668,0.304527631353,0.134733490415,0.19716695183,0.94113704247,0.715135270716,0.169181799021
0.108173966605,0.454630294981,0.558866686862,0.224069714986,0.087998746555,0.995367739228,0.929068866287,0.0357697242104
0.12789130027,0.503433529405,0.637268629081,0.14327485787,0.0714745313857,1.01107642014,0.872608380884,0.0330074770719
0.127682690603,0.430590364009,0.774808532602,0.1652562622,0.105771460278,0.998704488123,0.79556328948,0.0572006960704
0.0695105491968,0.345545889699,0.800472275398,0.0523924724158,0.137189885516,0.895693593157,0.680691337716,0.0411273314617
0.0409780841928,0.434790977481,0.492932059569,0.0805019918869,0.11592293306,0.951499219382,0.743092610335,0.0244756342991
0.118312368089,0.469284359058,0.562157413491,0.0329828497519,0.135008254314,0.845020143758,0.782290511688,0.00577297394474
0.12180851093,0.559440648868,0.687259298061,0.00874996529665,0.184795669007,0.943662517134,0.876320850011,0.0922231434977
0.0669655413717,0.487692405384,0.610651264768,0.0358414583624,0.193342162559,0.970954289304,0.679232117738,0.205544886499
0.152293246033,0.490120073724,0.478267922175,0.0519778267562,0.173496329623,0.926761526631,0.759904176445,0.113478446574
0.187889927727,0.544626772435,0.251359945438,0.0384677800383,0.155373817402,0.902686663608,0.641313229974,0.282112801842
0.162988743034,0.432026245155,0.182742858568,0.0649465438319,0.221052084859,0.914089453169,0.765350107213,0.0382280831372
0.0582711985022,0.236893946231,0.382666567086,0.103779978515,0.233055577803,0.781277156568,0.779883576775,0.0861570146142
0.0528024578116,0.0203562035552,0.321831598925,0.143823922429,0.225263618377,0.831747453826,0.823478882123,0.0971505647192
0.0316680629109,0.0252797919405,0.338335842743,0.129338641196,0.258869311804,0.863029797873,0.8240307119,0.0480575603281
0.0456835377709,0.0879796792174,0.366743453985,0.17071026323,0.231442107862,0.88485864552,0.874853096584,0.0309966322931
0.0870407763116,0.197887509448,0.369641595782,0.173742641998,0.231191074065,0.966535313261,0.82068651971,0.104705691554
0.0813137624685,0.194922547105,-0.0233282157457,0.259222505778,0.214201830999,0.937598976142,0.810148294388,0.175438061607
0.105217169036,0.0799699514487,-0.00568325993633,0.218835560479,0.23802575575,0.884732134108,0.86098690936,0.0632130102655
0.121890353377,0.14472540372,0.22227786951,0.174776268366,0.256985454412,0.957685769162,0.882821331165,0.127088259105
0.183387919948,0.339249347176,-0.011853536686,0.128315446034,0.246687596138,0.91211555825,0.878727115635,0.0846870021697
0.156639576014,0.2815063053,0.15644530864,0.0713566971409,0.242345096634,0.746945445514,0.867685333092,0.0112798566659
0.152836275987,0.479177430064,0.570298877369,0.0984977280266,0.205827547383,0.611935920073,1.01469710265,0.392399457906
0.192019020926,0.477988450431,0.646246530579,0.0805499213023,0.204685658336,0.622813899937,0.923356474355,0.141504657831
0.219143946407,0.364733092735,0.352068424499,0.0598401872189,0.193228788669,0.704339371114,0.872696978176,0.12909441996
0.182611267007,0.41062307512,0.40653555588,0.0403760765966,0.251414138832,0.709806298635,0.861079606054,0.0312471910228
0.121249395923,0.499710458983,0.235851107458,0.17692607546,0.32565949833,0.602973791659,0.871694967072,0.119217325272
0.122289769322,0.559666787641,-0.0500530455783,0.20826048255,0.342379504829,0.560261304233,0.813104883886,0.421870729501
0.114529192092,0.578400140738,0.0500844671537,0.231599651015,0.44030809929,0.600729360802,0.749528003015,0.149589908829
0.0636944652614,0.520489924845,0.241003536903,0.217332113407,0.398065650065,0.596021334957,0.809071071797,0.281073018663
0.0499070597935,0.510273012253,0.514435210659,0.210799742171,0.341912903274,0.647500387673,0.712174414493,0.127156188019
0.0642288149559,0.531616681488,0.523341562374,0.210668571312,0.336645984964,0.64384281518,0.61369450937,0.100021459688
0.0929666035289,0.534176252201,0.614894580042,0.220200070544,0.301556824597,0.788001775976,0.627352840153,0.210441706081
0.157309514906,0.532234167559,0.558827062179,0.0732208016123,0.423256215212,0.90063412646,0.690305858888,0.284061468124
0.277664839386,0.528177964134,0.61228254348,0.0304159817883,0.449258976159,0.875505557649,0.675623890561,0.153302228782
0.274606801647,0.609771677984,0.670283595634,0.0759654373209,0.340794431208,0.96545216876,0.780698939572,0.118871935089
0.266449306261,0.567236933154,0.601322750555,0.0823183230986,0.255452264554,1.01244502843,0.412802911961,0.259813190195
0.163872322601,0.557098854654,0.53651902298,0.204763550734,0.214294747326,1.01855977443,0.332975330175,0.375159848964
0.118103350981,0.522561553268,0.52781502006,0.253365019022,0.159616072497,1.03413560586,0.469165722824,0.262128269075
0.246931494563,0.606015015519,0.567606840262,0.232532608954,0.145623756776,0.785684040221,0.497159371437,0.254917696524
0.24307597126,0.582478214727,0.51924191005,0.128263935446,0.0815985708332,0.85168446801,0.712776943004,0.237207293128
0.198056885494,0.559205861931,0.54714341456,0.149774249005,0.0833159492243,0.88870577664,0.845326522409,0.231718752175
0.281498431747,0.555047024094,0.379092599092,0.164528826094,0.108229844028,0.945246786928,0.94990796989,0.442174614636
0.137098398474,0.58706996108,0.33997153463,0.108470440222,0.176703704464,0.87508949606,0.858599132879,0.244759201266
0.22721056479,0.680078251055,0.462734623934,0.120525770884,0.248587002217,0.777098360397,0.864819516079,0.209843854773
0.217546140909,0.732917962513,0.584919915878,0.125334952629,0.14424269509,0.795442348228,0.740679149842,0.226803658081
0.154877518746,0.311721239926,0.623615108896,0.180926807478,0.120274299073,0.907496515711,0.716633393187,0.544882556103
0.0394884276432,0.364623025191,0.6247039426,0.216150888592,0.179326852631,0.698770450543,0.919650614469,0.23182924475
0.0829490348014,0.515670681742,0.704417349147,0.2536041664,0.242220965495,0.70580538568,0.817044242394,0.0359060576368
0.179276842716,0.55434580807,0.739554583669,0.258623367265,0.262750658839,0.83378222767,0.830824509487,0.169342695427
0.327906925922,0.494908440736,0.757010289364,0.107447328344,0.338772585085,0.700238883588,0.666493517194,0.14362801768
0.159059526099,0.472012354555,0.829403176588,0.102717098963,0.283582541633,0.355987531725,0.72654691976,0.0614058801683
0.169890045424,0.336618983021,0.673892352597,0.144843911192,0.316906644098,0.304088497818,0.781861747648,0.068254603946
0.206707012184,0.41541976867,0.607298378092,0.134388490236,0.244835940032,0.380439468806,0.766871989486,0.0597823502998
0.159745550044,0.407097554498,0.622826558927,0.142820590283,0.116927808105,0.543323953166,0.0747507752873,0.212294291863
0.059304485975,0.440391914566,0.721894087848,0.252354420426,0.140072969222,0.62990612798,0.06099367191,0.165678761614
0.0275610866594,0.715463537103,0.840914804256,0.235708526118,0.146087774712,0.605242323898,0.139314921962,0.168064651823
0.344549073906,0.734206824868,0.813865793813,0.188698139529,0.132295877348,0.497401061465,0.198352958993,0.232472868808
0.38499632009,0.743094207292,0.781380220535,0.042600952982,0.151786815011,0.453237779203,0.260810702974,0.318785230099
0.338667790593,0.773736439849,0.747720742552,0.00751216003507,0.258466948407,0.382843060525,0.411589530643,0.24580649794
0.345072334126,0.746847153191,0.642565284859,-0.00652603677695,0.289398220576,0.473952625907,0.369491594815,0.36358284041
0.458231351394,0.673484418954,0.779546686926,0.0888391388069,0.191933526614,0.428370531095,0.415591049479,0.200794762625
0.450966115835,0.612338896247,0.77768357565,0.0877870652353,0.154754171664,0.492862996236,0.249960191024,0.130595793079
0.356280745896,0.619117127221,0.571530998434,0.0664407777122,0.164100999858,0.550302471052,0.305679897657,0.254873403413
0.436012721211,0.77074160203,0.534974693217,0.151815996297,0.231429236743,0.592728035268,0.392970546324,0.467080678889
0.384813326046,0.717656811605,0.42566000533,0.256070303472,0.196592002697,0.545528979513,0.549103319188,0.210817515351
0.379407791817,0.582168095847,0.464168671256,0.146817324713,0.265799375997,0.361394872955,0.714020233228,0.139130085905
0.252897684987,0.512881720262,0.582748257901,0.124933111743,0.278022805363,0.394021473717,0.786615465018,0.101616501688
0.304977010467,0.553244203485,0.730351046832,0.069712460014,0.221838632372,0.432090191753,0.67414542849,0.106597545437
0.267116552501,0.691880779538,0.629229231625,0.0656517225335,0.277301458994,0.532197954227,0.506281085862,0.146041425345
0.265035274258,0.701284264388,0.611475871321,0.073862216702,0.304132927415,0.413547721945,0.407424621335,0.343662354906
0.266677260506,0.576041979337,0.645693944657,0.105075780035,0.307203863695,0.642466200899,0.44053608119,0.208269844795
0.269807928989,0.43752651332,0.642186502938,0.131305287966,0.308240106221,0.729893425238,0.505043233621,0.171143724413
0.22724463038,0.696912152816,0.660674234438,0.0891678675539,0.350216137372,0.618683806906,0.556215196947,0.121811825465
0.292209801224,0.718392691758,0.745871809776,0.119890549973,0.313289530803,0.632873767115,0.587716302729,0.14814977742
0.237675609757,0.708168417506,0.751830066303,0.240227549595,0.264751084413,0.64038597635,0.810328333455,0.163357668095
0.150835245858,0.663775675349,0.712534681405,0.235372062455,0.23606838266,0.523575204975,0.114675504892,0.156111737919
0.2082920453,0.720772080471,0.742691882024,0.297473219126,0.196878995771,0.451419751013,0.0106820027149,0.115568293545
0.186380094003,0.748169893478,0.770016293403,0.27678661692,0.22558957712,0.365760517391,0.0042010512409,0.104727338491
0.217490569533,0.738646763777,0.824213939381,0.361262315723,0.129958782757,0.544066967944,-0.00332660214488,0.105544426285
0.201697563514,0.744398936527,0.891785009741,0.297344588401,0.0729506819869,0.553308722437,0.0249166655715,0.379394155061
0.232994469763,0.741559265356,0.780601717582,0.30357303884,0.0738958989247,0.570031579535,0.2344163024,0.642308260667
0.193076435977,0.690933626877,0.78141374189,0.221623024514,0.126458296364,0.564525831275,0.528117473707,0.282944167198
0.368745527809,0.691383545832,0.770350567979,0.190141706062,0.197146776116,0.653380040952,0.701749299217,0.137117545305
0.409836742966,0.747717901822,0.69710903648,0.197338697138,0.378089015556,0.709184916614,0.701590008147,0.152532662404
0.429728567563,0.886428451841,0.755794975926,0.221311608238,0.529023743986,0.822925096754,0.680545599773,0.22016495667
0.515102959621,0.816703449944,0.772082786345,0.111822292904,0.771974525715,0.860565785905,0.810343392484,0.307219097858
0.382297963965,0.916386049978,0.893185770451,0.120944768084,0.783592260884,0.868878844897,0.625448876832,0.235712626427
0.434754969311,0.897841241155,0.866959488613,0.1805629645,0.740162944158,0.855303178066,0.81547643008,0.143825386245
0.472852593227,0.877273190745,0.844264874012,0.208770841295,0.563395926647,0.842085279168,0.773195945347,0.441576302142
0.438435541096,0.843378605198,0.712017964273,0.244739015131,0.485875759859,0.712940228972,0.823273744674,0.58592941426
0.36342743391,0.859422593647,0.660113385549,0.108196397231,0.420449465698,0.808856394021,0.712325841403,0.275353673131
0.261885898931,0.726815503378,0.650333976247,0.0992488789913,0.411057494637,0.822509285352,0.741817361503,0.254112003877
0.28050927188,0.638892262478,0.698601347109,0.147425666007,0.368654908022,0.876003180319,0.658557324881,0.303495132948
0.440898325605,0.6910004536,0.738650258264,0.217738680608,0.318983168989,0.702904713364,0.588221114869,0.323206739444
0.640579265248,0.83108999271,0.722627801764,0.236147927675,0.363532813289,0.235922760926,0.414493748181,0.340895697672
0.615801552819,0.873473430403,0.785704850917,0.111723477523,0.386483662786,0.236280362068,0.490509094769,0.31510703794
0.61507467851,0.768841007135,0.782714408022,0.16141285193,0.253647418923,0.622651778524,0.69916901814,0.258612087856
0.681985095528,0.64443523542,0.802987879379,0.101109339828,0.314602690289,0.460707915263,0.70459612512,0.591025139695
0.614210478951,0.751438041875,0.68227344252,0.263613106738,0.493121307396,0.576221089866,0.738723818497,0.609497999512
0.543833555978,0.80492936749,0.737624523581,0.33725421752,0.313571755926,0.513094939626,0.368886640127,0.670215726033
0.367008554721,0.677250658726,0.758285509313,0.411751936473,0.459109656994,0.534896600246,0.305352740237,0.349374686561
0.313746269291,0.718165337954,0.828959887185,0.333118129668,0.708663933501,0.485415585529,0.695607473955,0.282970108933
0.658034664982,0.764713545695,0.870073500424,0.27103027747,0.490372806742,0.473425314336,0.635090295104,0.408105391464
0.800305111711,0.767706811121,0.848381709552,0.223594272674,0.264202206343,0.59866247958,0.217501665597,0.349242671954
0.78159266867,0.812383870609,0.84844847057,0.263774988234,0.418476802282,0.506894712937,0.0663763861261,0.365809755823
0.813204686057,0.784377398376,0.801571062222,0.164283099351,0.459993207649,0.514114453141,0.285536040174,0.3528523395
0.708847416585,0.846528037886,0.719689190208,0.15105966096,0.42791565428,0.605399358168,0.461916891556,0.34214681952
0.763210217212,0.824315835665,0.585046207818,0.154933198886,0.508495342451,0.674920255774,0.477812450354,0.355698205498
0.902596479401,0.842044357849,0.668928187345,0.174766857377,0.742663511357,0.419047173823,0.482258587042,0.390250175538
0.933329133346,0.866187602222,0.717897628715,0.168090510508,0.437691692019,0.379533623751,0.444004301222,0.349915466052
0.964145613799,0.900106845757,0.764398320883,0.161875406184,0.384390132985,0.598979466972,0.60036090983,0.544671179001
0.916782928802,0.944788693898,0.873618688879,0.154236473417,0.511814118236,0.462494253053,0.490733976279,0.766284235876
0.907058841423,0.844770459326,0.95873494911,0.257902323135,0.689510533891,0.500907395695,0.447369785206,0.842434104961
0.94119975501,0.759026412859,0.962406711197,0.366787898566,0.37958154865,0.4997706694,0.437576814532,0.83560116721
0.922322776762,0.911306432808,1.0009320439,0.377363559476,0.501289159869,0.442989312449,0.493183913088,0.744286182489
1.02042324426,0.977095662327,0.990186524738,0.402450215272,0.697610131853,0.376862831926,0.704614865246,0.845085849916
1.0228644167,0.90147883055,0.965649737971,0.335110968968,0.46578685537,0.169936093442,0.698858718467,0.658313811658
0.956041936022,0.871971079896,0.844009754904,0.209660346285,0.708565896911,0.181940500222,0.465202228038,0.552737636653
0.938290486291,0.854187952774,0.856303078035,0.125609661885,0.52998015269,0.500310448641,0.646915356344,0.745812786349
0.920883554293,0.82617676336,0.829631065464,0.0948176150655,0.39885539187,0.779511584329,0.704822428872,0.879501808398
0.887102322319,0.833338443929,0.77928189639,0.0937246390888,0.391272893467,0.735433824449,0.784160675854,0.653234227748
0.913716139944,0.830334100276,0.805237941646,0.118416626755,0.356273736985,0.554116994419,0.808543671113,0.604824259636
0.860015023106,0.928728195317,0.822135427578,0.113249161179,0.324308876371,0.637157892167,0.224172104633,0.456023811734
0.924248802362,0.912072045493,0.803883002844,0.19120419002,0.381158072841,0.482873723593,0.680289177962,0.603400346616
0.949018861991,0.917698283818,0.766740778145,0.247316022811,0.278118869007,0.470558625803,0.865402300529,0.523520363469
0.951369192851,0.864110827783,0.737372127497,0.259217675359,0.35671544185,0.408052690043,0.86871972111,0.527768582023
0.952257697137,0.78936746059,0.600140207293,0.195916680103,0.543656374394,0.404565078167,0.808193966979,0.762682139473
0.954303191452,0.693499201274,0.694330332116,0.218589458963,0.873816738959,0.457392473992,0.625228136555,0.480800282608
0.946576272371,0.715736847681,0.667264795739,0.408790389969,0.752656103326,0.458809535231,0.666571489503,0.586395981171
0.955845655866,0.65630823572,0.735627890269,0.443940515703,0.602071713606,0.478258600656,0.720471521551,0.550143732159
0.945102116285,0.534464286099,0.735189201837,0.457999533286,0.696177773591,0.436515297386,0.713462630823,0.465060720875
0.875078639311,0.845771287783,0.787458853468,0.632830591772,0.810175819337,0.23268229247,0.555406317899,0.467811966796
0.810767410882,0.767845682055,0.76010533391,0.725803330609,0.958580762188,0.125858708843,0.348188171129,0.516317592654
0.922001571728,0.706434853683,0.765137011358,0.712591551849,0.736251815044,0.370279693473,0.55324421771,0.861043821843
0.887068309874,0.689660988764,0.815605899556,0.577851304834,0.597995608688,0.532219595434,0.654096296486,0.862511240114
0.892557422602,0.633988181599,0.878911682661,0.726076748977,0.682004557579,0.532965195482,0.634119531487,0.915645140555
0.938092080358,0.777256600039,0.85119252681,0.855737602278,0.80582425368,0.540284885539,0.575775705267,0.822279951679
0.943891698372,0.778483352851,0.670357774543,0.744864996543,0.880151302507,0.691666713881,0.612878477283,0.715754578191
0.936137994491,0.758549977631,0.675467386794,0.847222406533,0.843454896372,0.702182672627,0.633886743986,0.740152415028
0.90821420169,0.725224884418,0.678888442949,0.954272152099,0.919183581885,0.586433487942,0.526143151252,0.51076091141
0.945322346871,0.69266218763,0.675314521904,1.0032450213,0.867128548459,0.468584855978,0.220118360245,0.638584334189
0.976769829052,0.760231580996,0.630474686113,0.966096268096,0.72590681747,0.503845554419,0.251414872377,0.564229171993
0.918314906046,0.743012228413,0.660358927127,0.9434943215,0.749738868877,0.561372511417,0.28559445666,0.422445598353
0.895532661294,0.803351041788,0.71817979026,0.926347416973,0.73917449858,0.502827458633,0.273031628457,0.724126418106
0.888660304912,0.911586247377,0.79425476828,0.937487029294,0.65970515582,0.287352005508,0.365164884599,0.741340431202
0.86814775318,0.873605582929,0.923141936837,0.676884178994,0.596142919134,0.270454809514,0.479701731122,0.696873760568
0.910155603749,0.849894460876,0.885885720751,0.673048409947,0.673381330549,0.309340931371,0.504954719991,0.718645217702
0.931203213769,0.871325540896,0.907045958709,0.843952546049,0.822056519925,0.267239318095,0.458756796004,0.781034591207
0.920042525712,0.788697978325,0.946293362059,0.749376524542,0.726062210397,0.323674248941,0.487721668371,0.613903713222
0.95804782001,0.849305670987,0.81687708192,0.921783420631,0.692385443967,0.365628209972,0.677174384991,0.614975202966
0.977045684159,0.901652437085,0.774521582292,1.00448460674,0.898454597581,0.45467527241,0.729396004518,0.758074195525
0.970280112685,0.86927971402,0.903805373267,0.925606780498,0.872071340047,0.67772669085,0.692251987493,0.776171380584
0.980350489278,0.80005287497,0.914177087071,0.833150146939,0.748115322823,0.5639094947,0.318851926358,0.719077349362
0.990508589636,0.7513156096,0.894129251052,0.835303181253,0.70067007601,0.370647927577,0.207046139447,0.797694411976
0.954747408165,0.831827016422,0.703404290606,0.855939896892,0.614917983002,0.182117674575,0.0247835604812,0.877241687565
0.913355466301,0.859727280622,0.676959509629,0.891520762742,0.707198927692,0.0298229333842,0.0274792313738,0.73617906357
0.918870796956,0.873584927396,0.65811487429,0.789041259749,0.783233560645,0.0273899759232,0.0167928523899,0.624334135513
0.926523597249,0.847399715659,0.703567202514,0.67923109633,0.803040709761,0.261454152245,0.12754612293,0.640945916031
0.857989581962,0.712348768544,0.767618155011,0.638919751251,0.83684703293,0.361118457614,0.400243806684,0.688622674626
0.840162100243,0.667458435321,0.767703883294,0.515031498421,0.668799212145,0.313649616483,0.396907687808,0.917565828196
0.881250268451,0.748002647989,0.853127281766,0.597429242612,0.848366402686,0.287327153563,0.301516347845,0.862569042143
0.905500787971,0.729385866427,0.922897334232,0.699821256724,0.927916119478,0.257349661721,0.181298043146,0.869263009058
0.927448168899,0.731067183903,0.933351114323,0.925709301976,0.958811127035,0.265388890642,0.388529345651,0.858405528158
0.892777653188,0.898436463563,0.806681707344,0.898342147104,0.856001982711,0.29222623916,0.45328221125,0.697026720725
0.703794726051,0.840611264128,0.689400627193,0.750739618795,0.938640674141,0.169850925493,0.574424533827,0.723229410551
0.722816894926,0.697498083809,0.711033826117,0.716135830099,0.865941305158,0.0764683453485,0.631036948108,0.822179336178
0.780020655943,0.642420641997,0.891343879977,0.684975213987,0.788555909322,0.118223365727,0.570857217014,0.878681972702
0.837086241399,0.694362874134,0.878624356761,0.640262940846,0.944339479564,0.176162131129,0.404491582486,0.837205788435
0.910788306099,0.697856875414,0.774195570682,0.533133951424,0.874710577113,0.148748872144,0.314431118121,0.692898410636
0.920211525052,0.656947628091,0.783148964971,0.431083023187,0.793934346014,0.151157279969,0.39850419594,0.828858237671
0.906941781922,0.686914446171,0.750204797022,0.22497391944,0.932223716641,0.108034672904,0.625559016902,0.766595536699
0.91336326082,0.626491795635,0.928869018081,0.344475110841,0.919115750148,0.128245329519,0.429976271259,0.827660613446
0.914407230326,0.643158237489,0.935308404644,0.60282702756,0.982704339745,0.164764470409,0.0380732273936,0.796915929327
0.900673784186,0.767270900762,0.941395957825,0.619177870719,0.931481137623,0.271672846703,0.117793592025,0.619195442878
0.921807275632,0.908414014983,0.835927164666,0.408802424375,0.947283677599,0.334817719297,0.431343380172,0.64364839149
0.871495144715,0.930653019366,0.733721398417,0.693731514264,0.976027329268,0.318466432134,0.212104091047,0.587052095695
0.829996913958,0.90828193393,0.706574734726,0.925705387671,0.976981389229,0.341950686183,0.00320697488618,0.597271179316
0.865693400923,0.95551856413,0.761573043432,0.860166263608,0.871204465478,0.483468293867,0.0814158704588,0.518516106671
0.842315300636,0.955208802613,0.721231548126,0.661485969403,0.801489974782,0.486337776159,0.188286144047,0.564464069601
0.868093120689,0.941541987231,0.695504424617,0.617712504838,0.931599890138,0.354335961529,0.24520358734,0.671266769846
0.758619529066,0.893050086718,0.771769638673,0.759942816106,0.904135082799,0.463311490083,0.282214101884,0.668946233593
0.687990559698,0.910208616262,0.715988789428,0.835007359735,0.872422242455,0.40276719006,0.288584510668,0.759759063185
0.663028967484,0.946417121774,0.793428847164,0.845055214094,0.931041546628,0.404687336393,0.315683297356,0.877611712789
0.801485910453,0.983078762502,0.75851086296,0.759624758004,0.807988668586,0.524649843106,0.399175703172,0.823545754627
0.805068483879,0.962095171375,0.687683714096,0.716234020856,0.760700083022,0.276396425863,0.442577834634,0.900080483765
0.828774945985,0.933323801182,0.664796422126,0.829506678536,0.910134433552,0.150795321398,0.49975182523,0.812999190227
0.729302784893,0.776532584309,0.728337981484,0.946955816363,0.887311778522,0.176964148427,0.577448261499,0.772517938761
0.732477067251,0.695629365618,0.854952552409,0.92328276601,0.848950018685,0.41401257007,0.484868275058,0.719021853265
0.823391342698,0.744582620675,0.8911089488,0.807395019461,0.933325089847,0.375409159936,0.0971329902126,0.499629677947
0.840683270115,0.753991751848,0.681009114664,0.86434016198,0.747239335126,0.271663881656,-0.0119256244468,0.494741447962
0.797959457562,0.771327032715,0.691748624399,0.998576088275,0.869229359368,0.39888678402,-0.00753991995895,0.652470195606
0.775551066276,0.869536371521,0.624916244515,0.959702292526,0.86357386479,0.480704932717,0.108163886332,0.809964276236
0.787062720257,0.818666654689,0.488172168008,0.732460230878,0.823162402721,0.479732204239,0.410553176585,0.840108726251
0.719120946681,0.790957436298,0.490141242446,0.798146849284,0.791044075151,0.384693946656,0.466536165255,0.738732960143
0.722780260688,0.785341347058,0.518619370601,0.82925466392,0.803343697783,0.307439173809,0.620249328522,0.788983369461
0.665785817931,0.835287211242,0.380852986664,0.716535005925,0.982574595106,0.349897387476,0.651605867619,0.698587375514
0.634864820067,0.849908112111,0.554363369818,0.744861082238,0.961491889901,0.361524011334,0.51732851554,0.870571856071
0.670053742138,0.827872947102,0.660153949205,0.58749873412,0.888745733931,0.376913661659,0.456535923769,0.680473280287
0.651440147767,0.72348381599,0.650908815841,0.600015057478,0.824626797857,0.329871681871,0.387423552734,0.657957083975
0.577447134938,0.723553858972,0.720926569524,0.795125672092,0.878841924499,0.330857336696,0.410300812346,0.755133209831
0.549004864917,0.733877622849,0.780774113122,0.892334271916,0.950592118909,0.425503842563,0.519494673301,0.817239338019
0.703574778902,0.723383540168,0.881811608507,0.859634834242,0.810805846525,0.505477443209,0.563345605678,0.672512049999
0.795085051601,0.701259677872,0.857181206079,0.77294955191,0.6934444928,0.490661222326,0.356793946465,0.600942684273
0.81308819343,0.741545685594,0.85200802532,0.628758298764,0.615918642051,0.44767703142,0.329560946175,0.702227442931
0.751759431337,0.777163185571,0.855516781602,0.54581030323,0.606365547127,0.483778025826,0.371980768763,0.702295621654
0.745846367644,0.771153211762,0.80541090057,0.654158140601,0.94138682605,0.522865840398,0.373794921704,0.723967616254
0.757905267705,0.719313756981,0.871813606168,0.638237496218,0.898818746907,0.424369367953,0.348820943191,0.735946471894
0.818434383027,0.739954923689,0.873475025929,0.573063360275,0.743635609674,0.479239668712,0.511716224325,0.895400364144
0.847155484244,0.480930541596,0.900973429104,0.561464275175,0.990680017954,0.562828601885,0.727166180526,0.683449162418
0.806497715193,0.448904888658,0.932410732334,0.633797591672,0.881175167149,0.438145059583,0.5446696062,0.206635784503
0.837715400786,0.484253187722,0.860376063511,0.732094035153,0.720580053154,0.370644091371,0.176212190511,0.135448492496
0.851629112889,0.675798267448,0.802714074698,0.81748659744,0.678358883553,0.419837098732,0.419427504617,0.151184287873
0.807133889647,0.688400858326,0.816786940461,0.718498154806,0.695125254267,0.5327133402,0.649965520979,0.184565709173
0.629679480994,0.83158944206,0.79988410238,0.681787637191,0.555143378452,0.50197365255,0.718282858907,0.37596973072
0.822749995518,1.04930561772,0.843898298747,0.672627830367,0.739769012753,0.430724794205,0.75754174933,0.455007741223
0.901322855026,0.871846146086,0.867362496052,0.354891909267,0.587568733886,0.457663510305,0.374946310017,0.461845021813
0.901714352448,0.85036403475,0.858354359606,0.286217010486,0.598221510921,0.438461713392,0.308151272669,0.50546806722
0.846582161955,0.685015852504,0.801290496931,0.323777931682,0.763486539385,0.432108121848,0.0629390057325,0.760401726438
0.641643783941,0.646605424326,0.943330712781,0.394435092811,0.919780069003,0.483724777615,0.201274389839,0.467243977308
0.641183057019,0.583327235739,0.897433123311,0.502929966469,0.701843038945,0.52064697035,0.38287012046,0.260349088796
0.685952363887,0.600547588937,0.885934922964,0.250445801146,0.717997279902,0.521774814994,0.583010983408,0.336529645992
0.704665161225,0.689212999564,0.681535972711,0.286198313434,0.500208032839,0.516136717617,0.757645656635,0.127663320118
0.702640499532,0.776313521307,0.800191522313,0.270720818346,0.661752791156,0.482242208984,0.731282064326,0.486961732956
0.731209182477,0.628133874745,0.772533587536,0.234033182759,0.429492460321,0.450458072478,0.624239929561,0.677681872716
0.819744570781,0.397928070387,0.781808486362,0.253108194808,0.564596088042,0.464794350598,0.717608800005,0.605597669234
0.777893673477,0.48265928103,0.794057114352,0.251592171991,0.60321170017,0.625182507122,0.701718511868,0.55310316531
0.713975643092,0.515149683454,0.751151376237,0.269946868637,0.783644872758,0.517344830708,0.700449119325,0.639664740203
0.640213206301,0.305729777477,0.576846809272,0.181055667232,0.814295047202,0.289157149048,0.231018817977,0.633827965083
0.674274332359,0.425020052861,0.542321034311,0.0984250010726,0.671816503104,0.385898348634,0.230954900762,0.456595029527
0.708693935423,0.651376566483,0.440832409094,0.149376155858,0.708424972249,0.4913983577,0.454860690376,0.51307756601
0.771439032445,0.798705548166,0.385492126229,0.166864750062,0.697989360118,0.579605332662,0.463087229147,0.561944954169
0.8044520083,0.653169881258,0.456264955475,0.229129079118,0.553058914805,0.473088020069,0.49759558133,0.619190831014
0.811125321014,0.593318438393,0.45475973396,0.399196428423,0.684174844346,0.381034289268,0.484938968836,0.611006002186
0.749475283027,0.596275038462,0.655673167526,0.36117690892,0.612608885444,0.387804025797,0.624235411852,0.4898908431
0.591561449611,0.416291732333,0.765674761498,0.270427078905,0.81511231629,0.558108316858,0.658196870273,0.268344984927
0.577730997141,0.647868270716,0.943867993435,0.260009968168,0.625186176635,0.65881811353,0.695964205636,0.275974583758
0.655392181385,0.5841074288,0.739015706761,0.236220987761,0.430834157051,0.756737862398,0.659430915926,0.395157660055
0.516601668441,0.599145871612,0.818169954571,0.287246139568,0.436949019051,0.673196131242,0.730613025101,0.841876223142
0.478408101084,0.663563402228,0.831619154116,0.161839240504,0.541687938718,0.524633414135,0.720161556523,0.315135055014
0.577632077612,0.593411352554,0.797920145347,0.0594350982933,0.645482475252,0.541568638609,0.540029500843,0.292192876194
0.524315195121,0.558905820664,0.544137196911,0.0765442131203,0.647722519726,0.570030245203,0.444875424259,0.31949457322
0.357776514057,0.495243003187,0.567207213128,0.0821565873475,0.281441449759,0.607176105443,0.364519354192,0.427662077761
0.359083017129,0.534273812069,0.550922125732,0.0704841402591,0.434699861449,0.596213645645,0.431124103968,0.642987741968
0.360509555791,0.594702144664,0.561922857903,0.0237278503622,0.567373431277,0.683115559913,0.79237964328,0.494358240493
0.357462678385,0.469820009195,0.524917629442,0.067076685708,0.672325476008,0.595281697708,0.846144897012,0.426426367225
0.250532083956,0.170215152963,0.391165592085,0.188303023753,0.428228413079,0.714747082126,0.818357724428,0.506258694444
0.294746987958,0.236046318931,0.465384454181,0.24139309637,0.310752933866,0.740955459607,0.791063484084,0.561593145808
0.423740853638,0.0705570322371,0.472183890144,0.159348909696,0.210119548883,0.666180126949,0.806491710994,0.769323608003
0.604171351293,0.0905050682394,0.421061335524,0.146824653624,0.315112555716,0.563598136523,0.821253324856,0.351720434338
0.526319236768,0.196726547009,0.492070879997,0.262383515271,0.620700497675,0.714105601721,0.775750626074,0.18718728485
0.433807864416,0.32045913776,0.469927442857,0.212660078083,0.815365792782,0.653017519459,0.350663289983,0.249114472714
0.45981399301,0.431484376916,0.580936884066,0.361856457252,0.673611601446,0.711186582331,0.711601000107,0.368315535281
0.471335000414,0.346448407826,0.463451342429,0.380962055014,0.457117968749,0.70645312077,0.79845771865,0.256819744548
0.392426161715,0.42855297088,0.533192897049,0.14478823645,0.481742486504,0.590722032971,0.780385126125,0.321676215501
0.331415238841,0.405980440395,0.360693929231,0.0389390477853,0.459262466302,0.617337298504,0.821195598575,0.30534387551
0.286070448478,0.675057455696,0.402722666071,0.0455579085054,0.605496182888,0.635440522694,0.796536102799,0.323088483564
0.272048853149,0.725615481255,0.519743040222,0.161669946813,0.447689451226,0.696208448524,0.909470124764,0.408593480408
0.301183737026,0.594135797118,0.576046240442,0.311907093875,0.274195291548,0.66267475177,0.429985975967,0.303542058665
0.320413523539,0.511618051939,0.801045237046,0.301710454285,0.263622653671,0.558481012637,0.425432878338,0.182147843373
0.315644801497,0.48064654589,0.821872796682,0.195647113577,0.253884736053,0.606825509548,0.529551971777,0.314365104313
0.354490203205,0.369878500278,0.630494498455,0.126513866339,0.199242701636,0.504952049741,0.571435483755,0.2550988467
0.38505584187,0.447445135719,0.528963009096,0.214261632628,0.173395591978,0.540722630033,0.649633302052,0.218948231641
0.330131977607,0.547929799378,0.973802281737,0.25392944931,0.177794132522,0.490026163396,0.747254340515,0.374114493116
0.330849215057,0.801041338696,0.748501780733,0.26080261493,0.205886829691,0.57148892094,0.718241948543,0.420917687799
0.322803819023,0.742673734978,0.554857363791,0.247974396419,0.262021749513,0.542574433517,0.79297363834,0.131208652161
0.296651543201,0.637331661939,0.547825672726,0.294228593417,0.256665719842,0.521655058642,0.503322028357,0.0970778606044
0.269932180705,0.550852021207,0.421917256844,0.370400468945,0.241574708483,0.62253877723,0.288557634483,0.115742660437
0.281633418641,0.474295505639,0.841144289387,0.344841931189,0.298192389221,0.664811518664,0.538516403004,0.24270156048
0.304174954481,0.47408462623,0.776838875063,0.443238938995,0.338846288683,0.703150897731,0.606026702431,0.248551825302
0.250984166047,0.31260056525,0.636609000177,0.480441576359,0.267520817716,0.685308368776,0.802346713069,0.182103434966
0.107652460152,0.0596405117505,0.696092034251,0.382887684864,0.310541969647,0.765839511967,0.726284725321,0.244783509633
0.302679824054,0.0451569362249,0.664524495392,0.396225387648,0.386036461859,0.743331905997,0.711240754652,0.112580017028
0.319821104679,0.147768253145,0.63572598947,0.313067310533,0.621183164642,0.832407281305,0.766806733691,0.0746673624519
0.0833322594049,0.16131302935,0.680647046471,0.36050768769,0.542714950679,0.847443124997,0.826781076352,0.0894832350756
0.0346740545221,0.218590839302,0.739823036201,0.305393357229,0.522591190823,0.821769648104,0.894084063137,0.107880690916
0.0344267202682,0.355168937859,0.777643105891,0.508457298256,0.347078684652,0.832402277558,0.690938170813,0.141145758729
0.166977552609,0.404103216985,0.672040039517,0.431116253138,0.334843464589,0.909457901261,0.634952253999,0.0946079287812
0.414579176221,0.479440877446,0.654628841167,0.279499396848,0.412003662816,0.882134438692,0.710251878369,0.137875120837
0.4623573445,0.0402355411499,0.684961160349,0.211064790589,0.388554456741,0.664927105227,0.682049578533,0.334619027587
0.607418476973,0.233934880363,0.824089900978,0.16160696398,0.353630554028,0.516971259273,0.695437474242,0.0578632095549
0.597750864425,0.370501203837,0.67598682695,0.0882799657636,0.377879460584,0.802871912236,0.663141460844,0.177006998535
0.466613399781,0.0636547965947,0.630654875133,0.112353597345,0.400574954594,0.763520858858,0.736873314731,0.0857430902092
0.136619319004,-0.0182095632518,0.455531006816,0.264961043469,0.488833627586,0.688352481849,0.842505966146,0.0634609940378
0.348849309937,-0.0140364554975,0.382065577079,0.223707579311,0.33792248055,0.765048085933,0.789835420212,0.0479436857187
0.523493121393,-0.0178165854889,0.448158937847,0.228157894243,0.433122585659,0.82509805742,0.728122930879,0.0891722032788
0.484656683382,-0.0139729567092,0.625466764695,0.19063890608,0.462891511218,0.782938150488,0.826800987735,0.124586130706
0.381052647865,0.00369514000147,0.739208478027,0.0963519393409,0.43309933309,0.748486683082,0.823402081071,0.126740121019
0.48122837057,0.0310864981549,0.371191934975,0.322470678738,0.389716145703,0.909511357962,0.744362421184,0.126495019662
0.418934186462,0.0961519174269,0.161180411299,0.359367500614,0.389918560492,0.79027714667,0.747173440061,0.100660346977
0.315884447521,0.149869078057,0.326436278162,0.12569917038,0.469540383737,0.707751843384,0.831351073559,0.108908838745
0.189451524142,0.185011071948,0.422734821095,0.0706457094441,0.429158046098,0.796027202893,0.805360694202,0.111571421581
0.0507043150647,0.425484123358,0.364041980194,0.212507857424,0.33498899279,0.80239580568,0.824160888845,0.103162023798
0.0211874599073,0.256432454135,0.298547027256,0.198365161161,0.343955935071,0.719901859211,0.845206719462,0.239942032419
0.0120333024295,0.463017584803,0.263676977651,0.0630518328267,0.208260000996,0.723667012271,0.936452057565,0.157635709173
0.01564784224,0.429828646571,0.432932824797,0.101960076541,0.108939023901,0.640303497915,0.734053595081,0.075268403632
0.0160294503666,0.418753528759,0.456787071706,0.26963216268,0.18756310054,0.71438998136,0.674264394824,0.0478521017855
0.00683807849012,0.574203922819,0.807152320877,0.169834041893,0.270158128812,0.869143459734,0.828400507673,0.075586766371
0.00242584053807,0.531887990838,0.766102370043,0.113656769418,0.310798945768,0.73263814743,0.842320405436,0.069688836012
0.00436913365405,0.67803714136,0.59550167806,0.0537987073064,0.25519982151,0.73100409035,0.810522009309,0.0834621679469
-0.00366073977245,0.518945334131,0.632395638158,0.045789414661,0.400637149344,0.708751008327,0.860345813001,0.0813731857009
-0.00961968040864,0.334475596276,0.774743180044,0.0392654133747,0.228643508491,0.791134622168,0.757596547466,0.186699195907
0.00796259726275,0.166977862789,0.647273204235,0.0941000063634,0.256985900673,0.863005446303,0.711801034218,0.22996472577
0.193168801025,0.0810463977376,0.46082888326,0.254053437002,0.197764120084,0.865866338828,0.696334406783,0.233756043111
0.147242468699,0.181384864538,0.545342838922,0.32238677103,0.063600260214,0.800773507406,0.549455867805,0.0725247672865
0.0807015738747,0.165749644792,0.676439975575,0.227904567919,0.034285323453,0.887084645907,0.662046000095,0.0910734057943
0.121745145035,0.0522983186227,0.556422163177,0.194526019149,0.0478526691121,0.875110011424,0.689487400624,0.0444206059194
0.326740086455,0.0927357138884,0.418006432097,0.0952272949711,0.0567731414856,0.980626699649,0.726840403517,0.0552213897159
0.34937618398,0.12409710205,0.434060156415,0.0654111177009,0.11766719283,0.985196038298,0.828373150436,0.032891402219
0.378271917848,0.141856142963,0.389516707619,0.086808374472,0.121614022858,1.00056980173,0.859312596241,0.0520722071851
0.453982736335,0.0843098021519,0.336822827747,0.084744536342,0.146688113772,1.01152617363,0.948887553306,0.241627418914
0.377426070838,0.0609019554939,0.281315783183,0.083422708858,0.304864537797,0.942607060034,0.859445366686,0.109740463519
0.326614665561,0.0634713894017,0.228298849469,0.141480398879,0.278101887586,0.856884362216,0.896602853177,0.029157300816
0.321643817475,0.0536911733653,0.281405549053,0.168443089448,0.124759191204,0.850422189355,0.882827438438,0.0245161898785
0.385732618681,0.161817195881,0.303776968965,0.131583849064,0.107574978869,0.821700512995,0.92631549003,0.0417439376829
0.383930738509,0.14425220262,0.249099225822,0.0686174956536,0.0802369450072,0.723265961924,0.996571385217,0.0743099237732