0.462269366578,0.23765852107,0.258898604322,0.052363744701,0.0640419419133,0.78067147258,0.91922025822,0.0462961703248
0.185804730268,0.285905117402,0.469890832075,0.0405991413875,0.0814659224236,0.863116603442,0.721069575607,0.0791249059538
0.0166220262881,0.288554407953,0.40432370747,0.102273563971,0.0810752097562,0.922470391889,0.68083794402,0.0353648354336
0.0228231688608,0.283031527824,0.510697904004,0.142459162458,0.0612537449821,0.979508676201,0.831847675745,-0.00791753720798
0.0425867043703,0.215433650365,0.880746352943,0.0540773546,0.0881370394249,0.950726526275,0.802425190634,0.0329137161516
0.0282783497548,0.157139434803,0.861076851428,0.0353786525691,0.153747261143,0.893275049726,0.757476421944,0.0443185264782
-0.00433302875567,0.1938013973,0.669389724801,0.0611621472464,0.15034006077,0.945657763582,0.870585023441,0.0461331803885
0.0427930196334,0.238422401514,0.518628528215,0.145450197245,0.0906430012395,0.938536356561,0.941232164137,0.106777324767
0.093808738152,0.227409927012,0.511543215082,0.0744172798706,0.204460705407,0.961814504776,1.04348313182,0.0655265363264
0.0878514256713,0.240757583653,0.410443481853,0.097668680944,0.296439847017,0.861037547362,0.855527982988,0.0303983812994
0.0555110844672,0.309740583566,0.384449261307,0.156784010438,0.218524447617,0.851303226576,0.473508281009,0.0202668007303
0.0649735400797,0.294590385916,0.280244641106,0.020380306994,0.194211301396,0.935527858394,0.289511782807,0.0266323967942
0.0879122772663,0.0810062301044,0.181838829469,-0.000164004506322,0.16644289912,1.00716814176,0.360042663141,0.112265305017
0.112828381654,0.00769385499052,-0.000349577364393,0.00140170904593,0.102117499142,0.956203376411,0.603330055391,0.184360679415
0.140714431736,0.124922484429,0.107413204761,-0.00292934262159,0.0781493864016,0.943912590503,0.713281938049,0.0327694644402
0.179087783241,0.204255713896,0.467724386161,0.0325367345503,0.00767378459319,0.821781029749,0.616292392517,0.0461211473312
0.268849035569,0.209963702873,0.338372226052,0.0430694566138,0.0188480238694,0.921078559207,0.578061766892,0.0498115990306
0.128786199094,0.132863950991,0.131885845801,0.0368873943282,0.0464749300299,0.939314282497,0.779738831758,0.00265535211454
0.0547869439683,0.194556611018,0.226891679521,0.148698872463,0.0516790868993,0.978512501904,0.689851798568,0.051231146416
0.0785315492244,0.303862091418,0.32242899977,0.251005455259,0.0643178782656,0.926142513037,0.483306882499,0.0178819312214
0.0804429965803,0.368681920465,0.187659159666,0.231177769182,0.0753127552324,0.873084117053,0.692377761873,0.204464094468
0.132383124813,0.327958457127,0.0516354887446,0.225242513736,0.188169829488,0.848092904162,0.763121289007,0.193932487231
0.113988065733,0.292347982639,0.0260334021479,0.132589267122,0.344985927483,0.881155459313,0.793103101167,0.112758388536
0.092857634567,0.304754488023,0.152196202874,0.346636731345,0.391971933362,0.809597666425,0.835736242429,0.0766422814457
0.0996601877614,0.263874850963,0.115323334508,0.530379958124,0.407814408766,0.79595433254,0.848463873959,0.0322471953198
0.106443918355,0.378123887435,0.1617664821,0.556181953144,0.507190991667,0.81835053543,0.554483980532,0.0196007963775
0.104061465965,0.15242352705,0.266378350307,0.34313448377,0.554079161648,0.88837430128,0.235091723152,0.0240773655382
0.0812676709542,0.164623636585,0.290873295585,0.292328236522,0.559809838433,0.89644445982,0.444067098441,0.031836050759
0.102138594675,0.209362729265,0.363065072535,0.102286757044,0.416353598363,0.884676804136,0.478028359527,0.0290649953163
0.182488367231,0.290453318817,0.318159890238,0.0655489940953,0.328464363263,0.856549769204,0.44737079189,0.0387683965747
0.273784174886,0.430660409825,0.154747690381,0.0802848425871,0.403211032035,0.800769631204,0.624781373757,0.0515881422187
0.343342208782,0.377557200916,0.436240290322,0.0424527493136,0.221368292397,0.724030696214,0.947732744442,0.231520731967
0.357711855001,0.47636527279,0.600151302955,0.0868807655524,0.116642281458,0.759203084162,0.975034139704,0.199845629466
0.401119282629,0.57114376569,0.565419983885,0.265125722994,0.11304916764,0.685815334256,0.965851545865,0.128459716154
0.456296523415,0.640699943534,0.409711844131,0.290311173436,0.169697877602,0.731013681987,0.577129120971,0.242890720728
0.397163700802,0.437474183335,0.359738121434,0.176299143362,0.171517768331,0.59556793547,0.580237898691,0.16919168773
0.175542550413,0.377428822871,0.216077498777,0.177722593284,0.159447611323,0.639953141596,0.667740817142,0.16910868863
0.0324075232228,0.430796384204,0.0403419136084,0.0907360842842,0.142795024392,0.623338374775,0.68690306267,0.0941893151483
0.10334705455,0.340829202106,0.0984173575048,0.0552313479047,0.212290563707,0.629380007279,0.680513742735,0.00621047722412
0.204757671687,0.276212574995,0.104651979151,0.103244669246,0.238498428715,0.714853167686,0.724936209545,0.0176592607639
0.302888218368,0.378968427135,0.117884800227,0.051369382568,0.280716911434,0.753800364486,0.677444922949,0.0397123482421
0.373577335768,0.384696166581,0.0918394658002,0.0520869154848,0.294327247767,0.795391325752,0.790773019976,0.0274645443242
0.355409076807,0.337092289166,0.382424564699,0.0817026597926,0.345566633596,0.915302745808,0.930417219349,0.163214212131
0.275517972741,0.352659974428,0.465382832409,0.0208087501494,0.344890236739,0.838949703512,0.943423421968,0.0359983559681
0.304361205049,0.330957696975,0.431133793587,0.045326341972,0.240838603688,0.818881581781,0.919854459127,0.102439987503
0.371745725574,0.414011800759,0.257582458593,0.0477351541981,0.209266546927,0.847555347352,0.932115872739,0.172102310328
0.214938857319,0.368037682281,0.229720942842,-0.00201055902028,0.190992874675,0.865802981824,0.891918946992,-0.00998883140412
0.0698565139028,0.384550593198,0.191706498544,0.0454158145365,0.216104649534,0.795538402952,0.780700091089,0.0763764849819
0.0951615861181,0.311933161797,0.105366693043,0.0247125290147,0.246262922876,0.876834141769,0.832768851091,0.395935244512
0.118093723172,0.403901356394,0.157311406089,0.0746033597732,0.172227373031,0.952557962943,0.792888647647,0.195857178377
0.124640843078,0.383117026851,0.43550131568,0.168641453429,0.0772191041253,1.02097379324,0.854679916795,0.0172707189604
0.153140591436,0.430068655404,0.663992490359,0.108548259401,0.0990955854555,1.00263700986,0.923516387432,0.0207561873468
0.207135675098,0.422000312799,0.863127569648,0.12843120868,0.0965891188985,0.967629454915,0.896488269148,0.0406421193863
0.153760743176,0.302519439378,0.823798251353,0.0587433838886,0.155113367437,0.982052860228,0.645082609492,0.0207035245989
0.0291572429977,0.370498272989,0.488548621153,0.0725153995682,0.189166275079,0.949424434359,0.692780954659,0.0102602488823
0.0945343779403,0.488975463512,0.546390555323,0.0122645270434,0.224779257306,0.844531164896,0.80433821351,-0.0018078520163
0.162235835214,0.608783462699,0.648791858266,0.00388069865495,0.269249500957,0.940913636078,0.859775204697,0.119795353087
0.118225106557,0.46881544904,0.531856702574,0.0133834347859,0.241052656521,0.947328288323,0.702188926373,0.163342951347
0.0942297777363,0.459376727776,0.427829048899,0.029536092853,0.219303748828,0.945549823122,0.739235687897,0.0859620746353
0.1136662237,0.526073541904,0.296419322777,0.0141733168107,0.259461620763,0.927457181977,0.620931798622,0.270654626542
0.0774167786421,0.413632881806,0.223587766351,0.0488263865294,0.318550760153,0.932907546379,0.543223658136,0.0126339642544
0.00256139665799,0.237028439691,0.337143047288,0.056064451637,0.315327937967,0.816436090402,0.628291873675,0.0532060719515
0.0091896248627,0.052271318399,0.18771418657,0.210110760412,0.28416993821,0.817822374397,0.793362092447,0.0705232996299
-0.00808318348499,0.0552579725029,0.198256020822,0.0711925374375,0.313048058679,0.900946738547,0.840365732579,0.0365443197007
0.0195482644364,0.0708116045468,0.25154309686,0.177829314476,0.253088196614,0.875791210534,0.820569790345,0.0466354880441
0.0567315549545,0.157440612183,0.361037147683,0.134869478183,0.238533992023,0.930719218154,0.781248661848,0.112924441103
0.0543455661969,0.174430244854,0.0463177865217,0.246459653164,0.252683393221,0.932102098954,0.750292481129,0.148275914452
0.0751193457407,0.117236928001,-0.0192744303516,0.175215909488,0.265020180394,0.886284591721,0.740242829525,0.0953671774897
0.160134581076,0.203057875605,0.134152954266,0.159795660966,0.279803790399,0.926862066785,0.801994182756,0.130522896192
0.218094177114,0.333760053657,0.141996122384,0.0667192471736,0.242098777174,0.937339097841,0.877227620378,0.0610674277843
0.239650569445,0.423775783235,0.257289470897,0.0510240970766,0.2216775102,0.808621393418,0.894174154324,0.0498543218208
0.27401809663,0.527222038552,0.668086883354,0.096845578412,0.192118723594,0.661716054327,1.02986365264,0.417347055208
0.251272995933,0.44605921477,0.631649192205,0.0847719142295,0.159492554426,0.70946287707,0.905714896546,0.106424759812
0.273201212043,0.323475377012,0.427246106101,0.0707759167271,0.153937023249,0.774956324827,0.893281298271,0.105200559326
0.210743226217,0.437065776795,0.317587610432,0.0514279377802,0.258196694286,0.740207116751,0.872398046439,0.0417588922152
0.153553906421,0.529790290031,0.18388049882,0.109285707098,0.29844632418,0.666134140975,0.844624718979,0.147254971152
0.185085951358,0.550324769241,0.0416726353535,0.127987413244,0.301235909153,0.631769050014,0.863674863804,0.418067226441
0.161001724453,0.587746589579,0.0789564690987,0.213218267249,0.409189327021,0.672465710878,0.751395757094,0.131932539863
0.0899010684009,0.529536710589,0.188028989377,0.203665331101,0.382557183976,0.653210878716,0.844574298873,0.31006767355
0.0921676517926,0.457828560372,0.233102578458,0.200174424061,0.384017782251,0.640707393134,0.667134683428,0.0832235936211
0.16891093251,0.462332806636,0.269134488985,0.208551499449,0.375377307682,0.656366306118,0.402589838122,0.119053109168
0.276913028964,0.521732375121,0.5663475663,0.157587360913,0.351083804352,0.794850883625,0.403621181401,0.156982520074
0.300786475331,0.469732050327,0.530951326573,0.0816714920974,0.398345946378,0.930279836115,0.635152369507,0.252265287887
0.344319745491,0.460692861705,0.509631800528,0.0823045843427,0.413866648511,0.909156502055,0.543437775522,0.134107206902
0.378906853392,0.585727622108,0.543705927164,0.101290141824,0.357542361717,0.957122830861,0.641548160023,0.0840887958146
0.359014607144,0.517345768448,0.523770731298,0.11041554231,0.331698962771,1.02068333797,0.26722870075,0.304990846922
0.310888980861,0.560483830144,0.525276071753,0.166302874913,0.29741652353,0.999548906532,0.145469857707,0.330972682316
0.147758419419,0.467644405092,0.522284075533,0.213895194542,0.22403432064,0.95652830753,0.303813782164,0.213553764497
0.183107671546,0.62686398073,0.506814129542,0.221233872475,0.165936957973,0.803767327927,0.360914132666,0.212853672523
0.207529531913,0.583930605707,0.450303014943,0.164515251126,0.0572133452881,0.830045318357,0.554773896145,0.214254073937
0.276318560704,0.591393175202,0.546222099626,0.10930043978,0.0331391735546,0.888419208655,0.710054378962,0.216074998085
0.374502006228,0.588274120448,0.402061783763,0.0934981178728,0.0722386427714,0.936138657874,0.896344067643,0.471040224279
0.229501390383,0.588397042944,0.393420554336,0.077680024361,0.177396313603,0.885966910887,0.912068670307,0.228592059783
0.197140303576,0.641376431608,0.396746038052,0.074623988031,0.264331249102,0.8305269444,0.937728639,0.184886364547
0.171398742576,0.642957919296,0.493850573453,0.141722803753,0.278834600898,0.827372700718,0.682104497096,0.224551145288
0.202639697212,0.331460090885,0.523904850206,0.166847521,0.276338397436,0.893738476076,0.57919025291,0.513522498279
0.199218318728,0.333987736505,0.63487137208,0.193276775275,0.342732378922,0.782278964235,0.89953355955,0.179032082809
0.191811926715,0.507101076143,0.708903933495,0.18907709732,0.333691223024,0.796676327711,0.854705126849,0.0362206413315
0.277985118687,0.567064948661,0.714410047838,0.18240846225,0.289927744897,0.875007587945,0.789217895823,0.147931268843
0.409043353208,0.532866529083,0.741596175592,0.117950576723,0.320455910283,0.744127227223,0.685216678173,0.110103993947
0.309115908142,0.537178829797,0.744900137675,0.100926906744,0.320454311932,0.346320169367,0.685215081536,0.0507201582869
0.335767994132,0.426317378486,0.617907824706,0.158070322501,0.313155989426,0.203309860682,0.805365103013,0.05415518841
0.373167247515,0.504972169002,0.580871832139,0.181068101148,0.253913955155,0.254695068555,0.743088876473,0.0633802484562
0.273256359819,0.328908136996,0.490538296193,0.141921175493,0.187776151459,0.408425588757,0.0800908618429,0.209923405596
0.155464881174,0.382747637845,0.479254699269,0.17600146058,0.168166552301,0.578302418621,0.0710004527657,0.16622976154
0.20059218934,0.689088798485,0.68651908658,0.142271280086,0.137935196468,0.642776757507,0.114202437872,0.206539651882
0.318501459985,0.714221200569,0.79895416648,0.0908374481381,0.0861121391644,0.490685171521,0.170428104567,0.288740094255
0.409025524701,0.736860278652,0.765510819364,0.0224579781044,0.11412113531,0.565166382706,0.150821237732,0.274870328443
0.418329626016,0.776134361456,0.665876905045,-0.00272750363122,0.19866029005,0.392315678483,0.206528921866,0.201413170771
0.436957580154,0.712990594456,0.619403089124,0.0178899956258,0.267752477107,0.425275471948,0.207481231629,0.34074410478
0.479680745122,0.604375102888,0.797214729345,0.0602430882678,0.216242423174,0.404066096246,0.265310299729,0.185684587553
0.48862498438,0.607344717033,0.766060305804,0.0946961214653,0.137421389752,0.466035757758,0.213335426167,0.0960909821984
0.526031669023,0.622222551579,0.528087384074,0.0856101499919,0.138574936409,0.553717517594,0.209668939044,0.230175820345
0.503124286541,0.76399355512,0.549306443219,0.133580963103,0.207904604758,0.538022205223,0.200274265632,0.470661472926
0.495862510772,0.757502694863,0.482612074134,0.180258567203,0.192589416898,0.469325611354,0.364648581891,0.157583411814
0.474842603312,0.577893729995,0.465392223668,0.0836756374882,0.256343532622,0.336680768122,0.643890342039,0.126043880551
0.326740022819,0.547646578092,0.5362415398,0.11282446719,0.280400353836,0.378974008223,0.702255396881,0.0796711596396
0.315211334513,0.627999149264,0.53036026425,0.133054466879,0.258975637971,0.403162622015,0.669581066997,0.0934247176503
0.327143429456,0.697211834695,0.542957561263,0.129440528803,0.28910455213,0.567236116991,0.58884486298,0.237780096431
0.392687865543,0.662980543708,0.603955740848,0.15004337674,0.308996996302,0.380032216843,0.503906731315,0.376655097173
0.410104947905,0.552235661595,0.618273105526,0.0781549624578,0.348788572483,0.542906529555,0.45149574484,0.186180534361
0.267133555119,0.513776389202,0.697924672037,0.108828693555,0.362066409769,0.710493749157,0.405900926519,0.146107626384
0.361267061363,0.674173465672,0.649663093131,0.0652714639188,0.435909589673,0.670585889657,0.39757291147,0.118362621893
0.429531599598,0.741612476164,0.749703668503,0.134863081921,0.407282199983,0.727910042331,0.471462149051,0.158866980215
0.352777530515,0.717438109916,0.803811697043,0.179893041485,0.377575292519,0.713678399645,0.809910307552,0.1550177429
0.302239514943,0.697771408282,0.760525528557,0.257607123594,0.347157203035,0.503971539866,0.106181145137,0.149071111072
0.334386757447,0.744485685925,0.644284249903,0.212038125625,0.318609436456,0.40181932185,0.0413508250746,0.0969333415172
0.335583190413,0.748510983328,0.69736843563,0.20526264419,0.278029705042,0.307797780054,0.0562309959955,0.141909865336
0.398403808722,0.736073712792,0.817288152795,0.286897071608,0.213949799141,0.435762194711,0.0612321348518,0.148896142445
0.424237021936,0.756157315049,0.892619349155,0.314788954474,0.119796563834,0.528187712138,0.0848106670088,0.434674657774
0.374436298239,0.706722790189,0.874280862862,0.345441694316,0.10350985204,0.592576971154,0.185569850799,0.682813914728
0.347305221869,0.719136650206,0.866221695802,0.229729660482,0.151366223068,0.582466893275,0.447295960048,0.241494813588
0.469930931134,0.680318554616,0.830365871369,0.222865883094,0.299020174209,0.639668974832,0.74056081233,0.218637223804
0.519250643669,0.779946132816,0.692313003862,0.261304238109,0.49532740048,0.681552684831,0.754833231892,0.239930298669
0.612057767664,0.863343729013,0.710379143663,0.292922525613,0.6213842452,0.821655777385,0.705298250311,0.230083905184
0.605820854001,0.855392853355,0.805500264862,0.19484922931,0.721444543723,0.879804982846,0.822117099381,0.289211340675
0.581049202891,0.918250998196,0.864391672154,0.133109054155,0.836522105914,0.898281963053,0.590030323718,0.170216001736
0.583726477511,0.88077973263,0.865905132135,0.142143655259,0.785793393192,0.893971964831,0.74303711183,0.149662833043
0.652297978961,0.842330128298,0.839286392907,0.145863075329,0.559433847418,0.853765142068,0.757947261706,0.500707364703
0.601566718018,0.843673160154,0.748929183164,0.165447628348,0.563568150227,0.74126380873,0.820161051348,0.506125538722
0.547056204724,0.885209362176,0.719415588546,0.0986296973983,0.495633863231,0.826217020161,0.761593055577,0.238487147282
0.480627904924,0.749637036262,0.705374679036,0.102099049912,0.517930521565,0.861659222269,0.751080631428,0.260000949012
0.489783543991,0.550868666758,0.719815793108,0.13000654166,0.461779319347,0.87151997914,0.731733176042,0.265654202579
0.526679231684,0.650840980408,0.771879559919,0.144130088887,0.404471710264,0.61346800018,0.587834360011,0.298146501899
0.59205509549,0.851629007958,0.757093904056,0.178419673183,0.365742027936,0.274026435608,0.244958328761,0.350655429658
0.634096670446,0.868093371395,0.72862733692,0.0964720166862,0.353236320312,0.369771436621,0.357325061415,0.40044952571
0.653971837831,0.801037975771,0.737117132306,0.126080788943,0.302390759728,0.628314881296,0.68050861669,0.386550474625
0.634606885158,0.709383786001,0.737006198067,0.0962304858237,0.360097115295,0.526866680704,0.610110299219,0.603659376238
0.618955476848,0.759416418578,0.751984668203,0.235226640553,0.535098156037,0.55864911674,0.539336057837,0.720904412753
0.517126085358,0.764400994854,0.74782629726,0.2879825085,0.315993230492,0.419291323843,0.37984074823,0.647306464686
0.366740608552,0.689872187696,0.835184271689,0.324493723611,0.479583938707,0.541342613589,0.202066553361,0.229778856307
0.390741461928,0.649533375091,0.841651229154,0.264052077253,0.744865347471,0.438278117424,0.675649462955,0.289425362373
0.674150709107,0.703472595088,0.839424327014,0.261875070067,0.62080000589,0.368032921966,0.597668045492,0.433633290896
0.852084814389,0.784203670867,0.803225721651,0.169244204111,0.350711683029,0.439975867724,0.240012011267,0.332211144873
0.859430354807,0.808249866243,0.805934806212,0.284094031847,0.479843376293,0.484903735452,0.134604156678,0.354260127702
0.814359889267,0.815802003421,0.723471731729,0.148412204769,0.52246655725,0.472539854839,0.226230305392,0.359366819508
0.870411476538,0.823418847554,0.66193639173,0.109007062896,0.472478890472,0.582367164871,0.263723410909,0.416797847624
0.851942316707,0.845291869879,0.600160694213,0.190353721111,0.556667270286,0.687770321691,0.308754616472,0.397744479923
0.932141459565,0.842001345149,0.623948653823,0.228034087791,0.809364105428,0.439546584296,0.31249511611,0.39057915672
0.971566904835,0.876130914318,0.65847199565,0.222356910876,0.649021162085,0.373836626766,0.323564094202,0.360192714922
0.968491731837,0.901866120036,0.749823015744,0.210865118774,0.477418762126,0.439286276886,0.577406473574,0.634831156247
0.948910751113,0.911812828874,0.805986164656,0.275122942746,0.569475865403,0.405851071907,0.585723942418,0.79922091404
0.938623995949,0.773910983543,0.889319593573,0.311001040577,0.789647353668,0.385539732723,0.570225599982,0.860970577439
0.963245587743,0.799004713382,0.971347344101,0.356616977846,0.551795076173,0.366210659127,0.572880932877,0.897109038108
0.979526502055,0.933922166245,1.01160757088,0.405621607137,0.604678534134,0.309536442673,0.609874417154,0.795409624349
0.987853425186,0.969190978345,0.991447278291,0.511724903383,0.699499774955,0.266865410961,0.746586519264,0.890773778397
0.998044812505,0.886502396343,0.955252390301,0.48185268274,0.639258266639,0.187370812981,0.675911479442,0.715052142566
0.949450299749,0.777177269061,0.9175874769,0.282104130969,0.822225614371,0.262068459955,0.368540005715,0.471584466414
0.880604558706,0.74681354796,0.938084778709,0.134509184632,0.615536384059,0.457874156854,0.549987221313,0.677241956786
0.867107629309,0.76815544842,0.910417055488,0.170583163292,0.509046929415,0.749527727424,0.732741073972,0.897090626081
0.882740329094,0.771422079227,0.873572703286,0.158708321468,0.572292369969,0.745906062338,0.812612489129,0.721184652511
0.92811717117,0.80945208969,0.913821680122,0.18965441316,0.409464916363,0.610737972125,0.80106393179,0.584886646979
0.892708648221,0.945616791543,0.896746415904,0.160075769675,0.462661609034,0.692673585542,0.220529114869,0.483457179638
0.913278768851,0.938981048479,0.867111321881,0.193315553395,0.517117802203,0.564806235919,0.65406461534,0.610547649169
0.945808851651,0.953642732792,0.845206896526,0.217652015846,0.361142268526,0.535513236863,0.898562384264,0.623117047418
0.978913227491,0.921109498692,0.780889396237,0.189754750608,0.368889853816,0.534144930615,0.862932259668,0.617174239347
0.970492175058,0.799468780333,0.680700419418,0.251263108206,0.588712691279,0.552315105415,0.805609388429,0.823813511217
0.964505186425,0.663152082742,0.669712158005,0.395671526959,0.858538043358,0.568853670266,0.538535638646,0.562850639556
0.943750848754,0.668461229654,0.632956337978,0.387373810281,0.798675596573,0.540601826865,0.57236017721,0.69104822285
0.942952705284,0.614296536651,0.658204344787,0.473922269215,0.616918116336,0.458028706286,0.618830960849,0.573177249889
0.911170507164,0.555876791669,0.690447078216,0.528255347713,0.727514155019,0.36710913954,0.696609269315,0.555501341055
0.891019926828,0.833088152085,0.757775944194,0.726171063763,0.844506541568,0.294087676968,0.579935588135,0.507113771678
0.864598601038,0.777518965978,0.76480618151,0.771922686903,0.984073278886,0.219252422552,0.277914570065,0.534591584305
0.893722037503,0.662840494931,0.780463267889,0.74283198683,0.857986191685,0.311093959153,0.564315859293,0.871312120361
0.89187126248,0.61675367448,0.856822807041,0.565670050472,0.689686910013,0.411872877103,0.690317008085,0.902062815852
0.879384723787,0.642277425882,0.882160519932,0.709733096113,0.701138589353,0.446035108062,0.60555215352,0.836217998589
0.909757263908,0.787314714941,0.821356524178,0.874311845315,0.8113161966,0.55550648831,0.472777609631,0.793240919473
0.944273253341,0.817091791882,0.733312694413,0.75978295722,0.914264126304,0.647710576129,0.469256941658,0.742549563278
0.943629275937,0.769737695742,0.711510203342,0.916706019233,0.942721586058,0.686222385945,0.599395354309,0.756085230528
0.902944623104,0.741769996509,0.728189176022,0.981562963914,0.915199077447,0.543229093234,0.495833884022,0.557636701314
0.935361542145,0.72123717468,0.721541632484,1.02397776609,0.913100610984,0.339564087907,0.241266064359,0.681570740431
0.944927660585,0.691063845333,0.708049328983,0.971406250678,0.80329533537,0.535725196712,0.254630522843,0.602837793878
0.94612950403,0.659949606429,0.676595363432,0.919316294935,0.793647857683,0.48375560111,0.245165492374,0.457054440947
0.893313187794,0.717140747968,0.753203575278,0.865252435227,0.826102624749,0.375327300061,0.300130593381,0.679943015717
0.854321819408,0.869451457804,0.783442742431,0.890258790335,0.733229437161,0.253649917846,0.424031786751,0.763810888269
0.866167379276,0.872666088251,0.900992145115,0.697222107859,0.702171376395,0.207244878627,0.452725911406,0.66489893949
0.933304647418,0.864023808081,0.882338562538,0.696174873299,0.766932432144,0.224047043109,0.319845905461,0.732430704405
0.953964529855,0.85126024047,0.901722804581,0.872699035999,0.860440922147,0.170372964799,0.279704021664,0.79385489535
0.961801837206,0.796768076412,0.954956076534,0.751025660985,0.788719468918,0.242298561662,0.405458952268,0.555390796401
0.961373887853,0.867878257026,0.90562956806,0.900282421267,0.767665233963,0.266509962062,0.62347507283,0.513050273267
0.959842135546,0.859325475483,0.818383799604,1.0505096109,0.879569144288,0.405681615002,0.681047271495,0.675093983563
0.957397185602,0.84103654167,0.910680695501,0.970463559327,0.935852294578,0.644271869752,0.678583745089,0.783717117032
0.995751942658,0.782526676544,0.887500135091,0.814458054235,0.869401445449,0.559467954997,0.479858693429,0.758375353302
1.0207151117,0.713365577127,0.898316223435,0.84583273303,0.762926796582,0.325070510196,0.219812477088,0.818943457457
0.986162096334,0.843223664353,0.803387818683,0.885040141537,0.680260845985,0.0650960221163,0.0250255088581,0.909676769126
0.973137182362,0.881612981415,0.776027854824,0.969007765098,0.793527560748,-0.017414120863,-0.00467274272333,0.687651421243
0.96663730637,0.874585681861,0.7786949722,0.783883771868,0.794442826938,0.0288456722219,0.0251544687848,0.640340339324
0.96526395725,0.841733332673,0.782043347109,0.664877951019,0.774752826524,0.156530285082,0.120792997058,0.657221703932
0.907926631512,0.748745019474,0.795168706754,0.734300549989,0.8513359584,0.229790415184,0.280074483397,0.72825987276
0.901880844659,0.670635231396,0.84159184901,0.61755081966,0.648506745471,0.224140889904,0.279508853835,0.968716167581
0.923960489001,0.709300502557,0.882740723613,0.660287262436,0.817413316355,0.172987247241,0.234829496581,0.776820145505
0.921179567851,0.770280764567,0.960909938686,0.825207078852,0.870678696053,0.163164369407,0.148292018129,0.805794225319
0.973150350034,0.745429910245,0.963572262606,0.94093190521,0.944466564604,0.157905027807,0.317516622589,0.832262239722
0.951017317951,0.930591657175,0.864843724288,0.906111606412,0.947776496913,0.215513273263,0.386737546538,0.72243623545
0.82365463632,0.842761738186,0.785102940823,0.672726802817,0.915729056951,0.118389423497,0.574497065359,0.693188367337
0.737316359544,0.648759584883,0.767729015025,0.704366744984,0.914571430292,0.0149463404084,0.566112369706,0.853265651352
0.779819454898,0.581067064008,0.915458889496,0.772939780174,0.839691130974,0.0378814502888,0.491828678825,0.910624698589
0.844431658892,0.697460994451,0.896421830537,0.748120831787,0.972864212386,0.117272842688,0.425910650005,0.870093157155
0.886702168825,0.739271700361,0.804187836505,0.614946952737,0.959878789187,0.136913530553,0.31036705148,0.688476193089
0.920895354724,0.66404865733,0.817636118482,0.435321792116,0.811045738805,0.0939019759109,0.265470383567,0.824925916626
0.896202905208,0.602532370367,0.824656377586,0.345914842461,0.930446503641,0.0701200808862,0.626544480849,0.703197986346
0.880798814467,0.652827007411,0.911730168623,0.449606810535,0.88765343481,0.0996073764702,0.459368508344,0.753467460651
0.908941259339,0.662416205147,0.937735541289,0.578767191671,0.94102775474,0.172759677085,0.027017670293,0.73621713061
0.948297215803,0.702270716929,0.906841431691,0.593901473459,0.97751726418,0.293941783487,0.103395287192,0.615195308833
0.947996054186,0.882133399354,0.885553405493,0.49889648029,0.970409481923,0.475116369217,0.411927683872,0.674985106141
0.900710029985,0.930333105588,0.788145317231,0.704552349235,0.943154402652,0.459631832975,0.237555921826,0.620769368936
0.836150952987,0.920067903181,0.764988919746,0.816407324455,0.90084428816,0.379391750382,-0.00899226476416,0.635083343033
0.905261155649,0.945903173336,0.785558905982,0.718106166014,0.934727980917,0.451615163779,0.0446466403812,0.550414619774
0.917011869163,0.938692940246,0.785362374336,0.641819964896,0.827397457213,0.394344944344,0.081479410569,0.487917457054
0.839605967703,0.930799589555,0.739320458474,0.664212439364,0.91977498778,0.322251814121,0.187181697572,0.597951430251
0.706596049461,0.902327700915,0.811181976172,0.841543056791,0.944357624373,0.39190167244,0.296411522288,0.607257477847
0.642389957344,0.854108934789,0.79075911965,0.856526782338,0.864944822567,0.373880683342,0.301929498749,0.766560079429
0.623344092574,0.919214282409,0.810260165468,0.832191146019,0.862073932008,0.420750184665,0.324876781676,0.832079134283
0.735682785929,0.984480810425,0.776096234924,0.72503145266,0.814088325898,0.600975020113,0.388119645692,0.837345771517
0.771200105142,0.958039559987,0.796740666448,0.659619547763,0.761031909547,0.432950194051,0.504122949539,0.952554104346
0.787286372574,0.9404307743,0.800446007001,0.784205112058,0.861042659193,0.196962976403,0.535014088321,0.840988598406
0.795293360377,0.797158942327,0.853533225322,0.927346795565,0.853802634432,0.187716903093,0.559104142963,0.760225037182
0.805686108786,0.716805128119,0.900584114504,0.966075748658,0.845162033678,0.435574242182,0.571985429768,0.678403074331
0.828844785213,0.717013129556,0.904485008447,0.811131196919,0.948442083871,0.412615106486,0.0907009959567,0.453413643731
0.826124161573,0.719505279579,0.792815903057,0.89595689592,0.80296792581,0.332102620346,-0.00677317083294,0.537531963349
0.797696721337,0.773116199831,0.764780062073,1.02927251914,0.953556301957,0.36544575411,0.0118245375691,0.672487884302
0.826144890879,0.920640597709,0.71851833207,0.952180914735,0.822635212816,0.393793145903,0.132138655484,0.864603618407
0.794132975544,0.826054223003,0.599354806855,0.844147123988,0.847998012888,0.377310326862,0.394456864851,0.811488108577
0.71772384081,0.8046495492,0.651175574855,0.761428811804,0.787638731349,0.328015346426,0.479243147961,0.755469007514
0.629072290814,0.801531461253,0.608892999282,0.800794737457,0.785907801466,0.253916846688,0.625348515922,0.803858715295
0.648291160547,0.87719074103,0.491882322221,0.71629308235,0.919077433805,0.276335096362,0.602107956042,0.743579549493
0.693917732094,0.86216622818,0.560354280428,0.754800582083,0.953838957692,0.266754326244,0.354759308243,0.870623336561
0.714425925552,0.780294873605,0.669566789151,0.681918293837,0.893903828003,0.297908613905,0.310033270374,0.654785662216
0.639309895359,0.753542173472,0.766603042277,0.737975383983,0.833232026805,0.263944914972,0.282469816609,0.578901070813
0.595331303645,0.738066507438,0.734763350353,0.809564450702,0.908189467584,0.262668753921,0.343148608123,0.809019374639
0.564636285922,0.701517920227,0.745697905508,0.870489509265,0.95687355303,0.362226701762,0.428954259737,0.810663989126
0.748529023712,0.645363678283,0.883827761768,0.829668890892,0.777258031225,0.470099172323,0.481953270705,0.536013442255
0.862811056916,0.580946972872,0.855986104616,0.716368385505,0.767271114284,0.452225223434,0.259862995451,0.726042020818
0.853265928529,0.658167989869,0.871914070103,0.574350241084,0.649772807619,0.390634204333,0.227938622636,0.718471053104
0.827860469108,0.686057930264,0.844005695886,0.517583829269,0.723889936452,0.417179826439,0.272288988694,0.730599867482
0.831298796081,0.808289436237,0.893742778437,0.560600505925,0.938343029997,0.455551994295,0.336698447925,0.752906111278
0.821861746905,0.769723124592,0.912036754079,0.59081139049,0.846913153257,0.433326395039,0.342431466141,0.774626939584
0.810718832289,0.741795478757,0.920958938652,0.549289311216,0.819267151009,0.438558733029,0.577096389919,0.915590944319
0.821903987755,0.499353851295,0.939948356541,0.627175403955,0.967567445804,0.526556694049,0.780654040725,0.618052725021
0.753070632147,0.355717878692,0.928208403156,0.713391908159,0.865816007922,0.550860165665,0.600533840315,0.173635093495
0.834060943519,0.336576843373,0.898889677149,0.705119075569,0.718108869553,0.546414705494,0.302397145237,0.211886352441
0.857579123478,0.622995513095,0.890908574923,0.62168458232,0.779642938991,0.522499937908,0.480033062964,0.173757399374
0.783582671372,0.540927620642,0.891254681924,0.582663328818,0.765468595106,0.547761852749,0.68667902933,0.226418824388
0.68677811582,0.768188941348,0.867590276057,0.554748339299,0.679822561348,0.588956489788,0.717292773492,0.365207854009
0.827356186367,1.04072496534,0.893235454834,0.648471025893,0.78284981973,0.560775003739,0.744313160694,0.440624026035
0.971383535219,0.874380788015,0.912236416145,0.274165631367,0.668769460244,0.563326659998,0.627257337122,0.522251212832
0.982515302944,0.812912979474,0.920327083051,0.193442352091,0.71345741611,0.496717630196,0.411681213584,0.520229695443
0.911705492745,0.640311494634,0.867755503509,0.271905685567,0.807972698922,0.475898882068,0.0493400380163,0.817230414017
0.726772313276,0.598130432911,0.936625318464,0.442687482051,0.879600858934,0.498588869447,0.136380457032,0.390828009044
0.67375222405,0.522020138065,0.923573034548,0.42912169888,0.762938069162,0.479475343851,0.407585504296,0.197961586133
0.748669174681,0.587384520676,0.882735832332,0.233303856616,0.772787275556,0.477531083877,0.552351041958,0.278301235794
0.748751961532,0.752803740747,0.675100392491,0.247478974488,0.680893624688,0.484367436345,0.747791895945,0.276685979068
0.678544344193,0.751687563047,0.798134974839,0.214483074853,0.743021102923,0.45620178255,0.74247534781,0.502948992806
0.751159950732,0.619511281848,0.814649404846,0.17427271745,0.550049298452,0.410433214738,0.686702558713,0.728888563762
0.844401216798,0.461665054345,0.815936887672,0.201840956971,0.670808619477,0.476786006168,0.714570171772,0.609964335842
0.848513115844,0.430168650783,0.815195663041,0.14622305595,0.715826845109,0.697742126287,0.746804670259,0.550552275051
0.715782782488,0.382829194849,0.741423904696,0.158892949381,0.818987860223,0.509449943635,0.694620280146,0.620145462162
0.642084428233,0.191398193443,0.546077806854,0.180828447857,0.766950855241,0.356639913638,0.188379448211,0.660222719437
0.700429341655,0.416700937535,0.382200935359,0.0680409952783,0.740252506821,0.502630903071,0.188901695473,0.407555662218
0.719899244589,0.636318861468,0.305836602753,0.0929253332403,0.802333717004,0.540182568065,0.342387768715,0.454295427622
0.758913884554,0.776792825502,0.314900438807,0.161266751148,0.753273850852,0.634613602971,0.401976057358,0.446611486897
0.817776704696,0.647867222807,0.425073888477,0.17088775554,0.688048936852,0.568842498909,0.374338990237,0.675592050654
0.852855905463,0.553428976614,0.480522127846,0.276352977717,0.709629618114,0.510472603666,0.444773148,0.675927743958
0.800909503029,0.493659915536,0.688360849301,0.227419495889,0.737263254173,0.464395713805,0.592847547172,0.471339673435
0.645350206547,0.433520912991,0.786185968129,0.189023999584,0.825521413894,0.551787018364,0.709321606747,0.208242746303
0.579021902833,0.605806045047,0.967132429957,0.213462677055,0.673938863497,0.635600603439,0.769585398767,0.267649805402
0.60477747893,0.459980878033,0.898598352488,0.232929493793,0.495093326199,0.811347648366,0.660288221192,0.359829548553
0.567711850039,0.478558955943,0.783270471535,0.27607014027,0.474825479879,0.791098861381,0.703547244044,0.861218849857
0.530408746739,0.563993957985,0.84208831397,0.1251470098,0.593802345236,0.647928232629,0.785136724332,0.316322869937
0.619011472049,0.569181770725,0.823692697522,0.0304367641431,0.732695587966,0.666895198903,0.532954426968,0.221486376326
0.52430872472,0.572098970166,0.574186136614,0.0484072623896,0.692144164188,0.627217129032,0.3252507308,0.319114974169
0.349120209506,0.564142984247,0.47967163201,0.0671200587277,0.275600379946,0.631421110339,0.193119757554,0.500564707734
0.413644965813,0.577058961942,0.557070372595,0.0666738474825,0.387727933209,0.626545959836,0.256250436833,0.663543408332
0.408721331913,0.612433294028,0.580034053632,0.0257846414044,0.587771851475,0.648988401785,0.619403313091,0.511690537787
0.320004367267,0.463007361098,0.545266441262,0.0693568478069,0.704144330252,0.668225330183,0.783064626019,0.427213618563
0.368742974775,0.292736742298,0.403136006764,0.176425040824,0.504823497514,0.735055789594,0.719228737517,0.527284546481
0.302697124152,0.274885702612,0.333371478799,0.268461567621,0.318373090834,0.761159181335,0.718588738297,0.655072715873
0.435799346474,0.0612566075789,0.30812904805,0.202324193936,0.184336037677,0.68229598696,0.843534888376,0.774432308506
0.552976442385,0.0625603802002,0.402135446446,0.112748638316,0.326767545552,0.628086275386,0.840732790955,0.343867987948
0.520193631535,0.185737232679,0.441391297709,0.224402713331,0.651170523405,0.737623278107,0.847864546959,0.119838809821
0.454106908979,0.315212913544,0.418647039511,0.175588494876,0.857564227051,0.650043244202,0.387491159064,0.186491998452
0.439191716966,0.467855030717,0.596510429478,0.284133210516,0.692907166425,0.653948928088,0.652057558965,0.426586558548
0.434168119573,0.437287865979,0.39824130247,0.252524185701,0.465985001141,0.642641369541,0.722510498219,0.213532942234
0.35022010127,0.403158711156,0.541225852351,0.0691172195506,0.472563729255,0.576911399747,0.66609334016,0.248224880811
0.261077957698,0.429150465792,0.282032795394,0.0359512181515,0.457967420736,0.666348098351,0.69651700052,0.238616593259
0.203922697846,0.715245807915,0.308253580049,0.0275176528807,0.608006805416,0.632162562906,0.806382076562,0.341255654693
0.207107416752,0.714376787302,0.513780486736,0.234414603179,0.460247131777,0.66282268449,0.954535845385,0.507208042709
0.24505544266,0.66003240647,0.654173636262,0.259588412675,0.302218474328,0.709527611753,0.414355075868,0.326945377499
0.248024263887,0.593169750559,0.832530067294,0.202829861628,0.306480476959,0.564941549903,0.234722984106,0.127010439506
0.28057895459,0.525969541186,0.875775246849,0.121279824813,0.224963971988,0.521736956435,0.381327217005,0.275889840099
0.310919585922,0.379132369835,0.624794160553,0.0575544427103,0.188054790286,0.52208045716,0.419751665923,0.27414805505
0.318782935279,0.361581005528,0.489940875205,0.209396481953,0.160472007023,0.590853770877,0.514303861487,0.176375006153
0.280800556087,0.613395818608,0.989103376725,0.241797591811,0.161762717423,0.498503419665,0.616186006092,0.327502051377
0.297946299655,0.771716816987,0.790946455689,0.220865192436,0.251511549652,0.584326813204,0.649389494994,0.423023215077
0.261083759296,0.711521394397,0.574647971309,0.243809648038,0.2467530067,0.690521434757,0.760545913998,0.112658082855
0.252233290814,0.641259862409,0.468204905548,0.327934937579,0.219567287445,0.666613103648,0.506130468098,0.0942057881138
0.226614345616,0.491641155238,0.396200268986,0.377380020227,0.223374853684,0.653219090773,0.171153859984,0.0791524152626
0.230052509622,0.468977596243,0.872375513496,0.32821266803,0.25486068362,0.73765213128,0.311029319579,0.205080806779
0.224227704993,0.413094232666,0.771675006573,0.38345514227,0.269482397505,0.762405194519,0.420462799509,0.243066142407
0.170479873714,0.407140087937,0.640828462476,0.310528468221,0.237850886298,0.714965473114,0.784094288629,0.124731896738
0.0871163175443,0.148756483119,0.605580037243,0.176828593633,0.251730691971,0.709368919301,0.747533745,0.220718054742
0.266213578087,0.1151715711,0.609994319976,0.218261701027,0.360017744555,0.801192737094,0.71750789928,0.0831041963345
0.243788999395,0.229380208887,0.556106594705,0.196426339725,0.519731147959,0.851424557868,0.714328827528,0.0637348702672
0.0547645198133,0.283562994976,0.630256351199,0.301757328021,0.52086942616,0.883183393488,0.863042175501,0.065606436552
0.0661156563976,0.307468312884,0.690666207578,0.376514684842,0.498390639949,0.890687437975,0.938857040985,0.0823858282481
0.0734105957973,0.399630144941,0.731565529055,0.512820253856,0.374369799821,0.841239017843,0.589603349449,0.118184953076
0.188527928775,0.463314529223,0.572047179696,0.445305468316,0.326868914648,0.90658627619,0.497579344077,0.0668621422636
0.330965900455,0.466487621534,0.51573690107,0.218882876949,0.391637120914,0.860515674841,0.537581648213,0.118589492141
0.423248468709,0.0541126179749,0.591617290393,0.160690186337,0.361098692433,0.560929627154,0.58736091521,0.333441778695
0.523705554063,0.239877479298,0.800874874466,0.133614646744,0.353341727346,0.395394607985,0.561025401123,0.0451366565836
0.551469721692,0.430944858005,0.686270120407,0.100077455619,0.321032830829,0.741528518098,0.55241499146,0.207171731712
0.364873406531,0.11163787736,0.636042246781,0.108546369312,0.381986614772,0.824604127783,0.702795732356,0.0823640636369
0.154573553607,-0.0181604491606,0.449868473592,0.149817442242,0.418983726804,0.778883019741,0.805323422392,0.040906674488
0.254192470983,0.0601490448128,0.328097308971,0.130375421973,0.317111024564,0.854822647854,0.793310495872,0.0403422806059
0.380565719369,0.0274931644464,0.509131226893,0.31476409542,0.385956665997,0.868777669991,0.737739639302,0.0796240422464
0.444188001218,-0.0292110952416,0.643677046354,0.220952812463,0.421803133639,0.852575207615,0.78034563774,0.0894317269814
0.303165098015,0.022009750726,0.666349109254,0.0891194447207,0.413303271886,0.79441786408,0.722806212143,0.0862642874074
0.392452998594,0.0121539907237,0.320312738393,0.205464620869,0.389065037847,0.909238844572,0.702380186644,0.107243134565
0.341090406428,0.0180610899747,0.135646457822,0.321492662589,0.361459246743,0.865566903682,0.650537812921,0.0873896591606
0.20430169214,0.13889606173,0.121698384814,0.0618356698754,0.35523636201,0.827366708136,0.777527489918,0.0906379503691
0.140412927891,0.170921377314,0.227369215227,0.0516717467634,0.263311669485,0.777584478986,0.753939283403,0.0839484403491
0.0854069809225,0.335683928837,0.216746136807,0.128879885803,0.241858078149,0.789702219837,0.765035740453,0.0840933988214
0.036960734854,0.199573437185,0.176398649585,0.139977237578,0.254712625854,0.705703456577,0.830281123034,0.179121895809
0.00481279974417,0.355739666359,0.237443345247,0.0543959410175,0.135180186349,0.722323994033,0.96790910638,0.14307603894
0.026253657157,0.342177033465,0.244075481251,0.15121533215,0.0904899170805,0.595369144505,0.501448204903,0.0569868712524
0.0127817023367,0.36580826183,0.490720056173,0.271205726724,0.137969708229,0.665988987319,0.545348949661,0.0379975650832
-0.00293587026816,0.534430476145,0.824250890441,0.130369889394,0.237941256216,0.83618209235,0.741933835865,0.0686191589166
0.0014114824054,0.559543403991,0.689430376672,0.0808559624391,0.35054078567,0.808691676789,0.835567671206,0.0444303124935
0.0134538566042,0.662533188691,0.54001242351,0.0396764899878,0.324302383747,0.80440431721,0.799289480174,0.0540359814053
0.0248432658106,0.552262041592,0.656977416012,0.0762450085959,0.336674629072,0.748011900081,0.786693865289,0.0681857151434
0.0059007379347,0.282075770888,0.770696359191,0.053196059853,0.34151763225,0.810453273982,0.73800837847,0.173234758751
0.0166354384098,0.0548556775583,0.630335100813,0.0821962609552,0.389311099759,0.887788433901,0.718028991081,0.289165346851
0.180603467076,0.024477506158,0.528299861295,0.155965288908,0.188117399373,0.877062155819,0.665573929029,0.260024471465
0.166762613721,0.100895607912,0.569436018569,0.262879070403,0.0691241509196,0.745519577783,0.519602426451,0.0510465730892
0.132914948849,0.0940310425494,0.643757263353,0.202782797157,0.0514585460238,0.870439020903,0.617521298581,0.0769466869888
0.109996989859,0.0283838518759,0.464513456232,0.168192288137,0.0340288450998,0.940792896646,0.673597280585,0.0204342758799
0.21667532782,0.0725208660257,0.44439395692,0.0723327243295,0.0750460199132,0.966865289722,0.696413807369,0.0396707580816
0.253580923861,0.103698033651,0.338198683423,0.0234091247885,0.197961747621,0.964280859217,0.801127209024,0.0201402497549
0.275465856136,0.110901050223,0.342792671799,0.0679998388999,0.219226922831,0.998891720027,0.870127545007,0.0464065518794
0.34862932259,0.0693960104357,0.300626215222,0.0288361465273,0.280221590908,0.974805608983,0.865916709809,0.26234072627
0.260636873266,0.0723504664419,0.0547785766154,0.036401547538,0.328356390454,0.936000828486,0.756958103249,0.0900411723402
0.158729290573,0.0786665074297,-0.00689655617689,0.0627869354724,0.300128882918,0.879433516737,0.878660475773,0.0208841744966
0.214665041438,0.0586525670086,0.0791501148897,0.109132885254,0.214070390509,0.899507631051,0.856285377022,0.0157607560158
0.33369108715,0.0896352684827,0.132956840557,0.100943516998,0.187033212731,0.845047858643,0.915671775155,0.0276472691994
0.302106567083,0.0481843525751,0.345207399105,0.0638065446903,0.153853719724,0.745413116972,0.953433241688,0.0493093094972